"population","estimator_arm","target","method","width_label","nominal_level","n_eval","n_zero_excluded","coverage","undercoverage","mean_width","median_width"
"depth_test","foodlist","energy_kcal","fixed_width","100.0","","506","1","0.6502","","200.0","200.0"
"depth_test","foodlist","energy_kcal","fixed_width","250.0","","506","1","0.9111","","500.0","500.0"
"depth_test","foodlist","energy_kcal","fixed_width","500.0","","506","1","0.9881","","1000.0","1000.0"
"depth_test","foodlist","mass_g","fixed_width","25.0","","507","0","0.2761","","50.0","50.0"
"depth_test","foodlist","mass_g","fixed_width","50.0","","507","0","0.5049","","100.0","100.0"
"depth_test","foodlist","mass_g","fixed_width","100.0","","507","0","0.7712","","200.0","200.0"
"depth_test","median","energy_kcal","dev_residual","0.5","0.5","506","1","0.4644","0.0356","266.8596","266.8596"
"depth_test","median","energy_kcal","dev_residual","0.8","0.8","506","1","0.7391","0.0609","385.3","385.3"
"depth_test","median","energy_kcal","dev_residual","0.9","0.9","506","1","0.8656","0.0344","554.3321","554.3321"
"depth_test","median","energy_kcal","split_conformal","0.5","0.5","506","1","0.4723","0.0277","270.1","270.1"
"depth_test","median","energy_kcal","split_conformal","0.8","0.8","506","1","0.7273","0.0727","379.22","379.22"
"depth_test","median","energy_kcal","split_conformal","0.9","0.9","506","1","0.8577","0.0423","518.8069","518.8069"
"depth_test","median","energy_kcal","fixed_width","100.0","","506","1","0.3281","","200.0","200.0"
"depth_test","median","energy_kcal","fixed_width","250.0","","506","1","0.8458","","500.0","500.0"
"depth_test","median","energy_kcal","fixed_width","500.0","","506","1","0.9526","","1000.0","1000.0"
"depth_test","median","mass_g","dev_residual","0.5","0.5","507","0","0.5207","-0.0207","202.0","202.0"
"depth_test","median","mass_g","dev_residual","0.8","0.8","507","0","0.787","0.013","298.0","298.0"
"depth_test","median","mass_g","dev_residual","0.9","0.9","507","0","0.8915","0.0085","415.0","415.0"
"depth_test","median","mass_g","split_conformal","0.5","0.5","507","0","0.503","-0.003","196.0","196.0"
"depth_test","median","mass_g","split_conformal","0.8","0.8","507","0","0.7633","0.0367","286.0","286.0"
"depth_test","median","mass_g","split_conformal","0.9","0.9","507","0","0.8738","0.0262","378.0","378.0"
"depth_test","median","mass_g","fixed_width","25.0","","507","0","0.1223","","50.0","50.0"
"depth_test","median","mass_g","fixed_width","50.0","","507","0","0.2505","","100.0","100.0"
"depth_test","median","mass_g","fixed_width","100.0","","507","0","0.5187","","200.0","200.0"
"depth_test","rgb","energy_kcal","fixed_width","100.0","","506","1","0.666","","200.0","200.0"
"depth_test","rgb","energy_kcal","fixed_width","250.0","","506","1","0.9348","","500.0","500.0"
"depth_test","rgb","energy_kcal","fixed_width","500.0","","506","1","0.9941","","1000.0","1000.0"
"depth_test","rgb","mass_g","fixed_width","25.0","","507","0","0.3629","","50.0","50.0"
"depth_test","rgb","mass_g","fixed_width","50.0","","507","0","0.6292","","100.0","100.0"
"depth_test","rgb","mass_g","fixed_width","100.0","","507","0","0.8481","","200.0","200.0"
"depth_test","rgbd","energy_kcal","fixed_width","100.0","","506","1","0.7174","","200.0","200.0"
"depth_test","rgbd","energy_kcal","fixed_width","250.0","","506","1","0.9427","","500.0","500.0"
"depth_test","rgbd","energy_kcal","fixed_width","500.0","","506","1","0.996","","1000.0","1000.0"
"depth_test","rgbd","mass_g","fixed_width","25.0","","507","0","0.4477","","50.0","50.0"
"depth_test","rgbd","mass_g","fixed_width","50.0","","507","0","0.7199","","100.0","100.0"
"depth_test","rgbd","mass_g","fixed_width","100.0","","507","0","0.9014","","200.0","200.0"
"rgb_test","foodlist","energy_kcal","fixed_width","100.0","","506","1","0.6502","","200.0","200.0"
"rgb_test","foodlist","energy_kcal","fixed_width","250.0","","506","1","0.9111","","500.0","500.0"
"rgb_test","foodlist","energy_kcal","fixed_width","500.0","","506","1","0.9881","","1000.0","1000.0"
"rgb_test","foodlist","mass_g","fixed_width","25.0","","507","0","0.2761","","50.0","50.0"
"rgb_test","foodlist","mass_g","fixed_width","50.0","","507","0","0.5049","","100.0","100.0"
"rgb_test","foodlist","mass_g","fixed_width","100.0","","507","0","0.7712","","200.0","200.0"
"rgb_test","median","energy_kcal","dev_residual","0.5","0.5","506","1","0.4644","0.0356","266.8596","266.8596"
"rgb_test","median","energy_kcal","dev_residual","0.8","0.8","506","1","0.7391","0.0609","385.3","385.3"
"rgb_test","median","energy_kcal","dev_residual","0.9","0.9","506","1","0.8656","0.0344","554.3321","554.3321"
"rgb_test","median","energy_kcal","split_conformal","0.5","0.5","506","1","0.4723","0.0277","270.1","270.1"
"rgb_test","median","energy_kcal","split_conformal","0.8","0.8","506","1","0.7273","0.0727","379.22","379.22"
"rgb_test","median","energy_kcal","split_conformal","0.9","0.9","506","1","0.8577","0.0423","518.8069","518.8069"
"rgb_test","median","energy_kcal","fixed_width","100.0","","506","1","0.3281","","200.0","200.0"
"rgb_test","median","energy_kcal","fixed_width","250.0","","506","1","0.8458","","500.0","500.0"
"rgb_test","median","energy_kcal","fixed_width","500.0","","506","1","0.9526","","1000.0","1000.0"
"rgb_test","median","mass_g","dev_residual","0.5","0.5","507","0","0.5207","-0.0207","202.0","202.0"
"rgb_test","median","mass_g","dev_residual","0.8","0.8","507","0","0.787","0.013","298.0","298.0"
"rgb_test","median","mass_g","dev_residual","0.9","0.9","507","0","0.8915","0.0085","415.0","415.0"
"rgb_test","median","mass_g","split_conformal","0.5","0.5","507","0","0.503","-0.003","196.0","196.0"
"rgb_test","median","mass_g","split_conformal","0.8","0.8","507","0","0.7633","0.0367","286.0","286.0"
"rgb_test","median","mass_g","split_conformal","0.9","0.9","507","0","0.8738","0.0262","378.0","378.0"
"rgb_test","median","mass_g","fixed_width","25.0","","507","0","0.1223","","50.0","50.0"
"rgb_test","median","mass_g","fixed_width","50.0","","507","0","0.2505","","100.0","100.0"
"rgb_test","median","mass_g","fixed_width","100.0","","507","0","0.5187","","200.0","200.0"
"rgb_test","rgb","energy_kcal","fixed_width","100.0","","506","1","0.666","","200.0","200.0"
"rgb_test","rgb","energy_kcal","fixed_width","250.0","","506","1","0.9348","","500.0","500.0"
"rgb_test","rgb","energy_kcal","fixed_width","500.0","","506","1","0.9941","","1000.0","1000.0"
"rgb_test","rgb","mass_g","fixed_width","25.0","","507","0","0.3629","","50.0","50.0"
"rgb_test","rgb","mass_g","fixed_width","50.0","","507","0","0.6292","","100.0","100.0"
"rgb_test","rgb","mass_g","fixed_width","100.0","","507","0","0.8481","","200.0","200.0"
"rgb_test_plausible","foodlist","energy_kcal","fixed_width","100.0","","506","0","0.6502","","200.0","200.0"
"rgb_test_plausible","foodlist","energy_kcal","fixed_width","250.0","","506","0","0.9111","","500.0","500.0"
"rgb_test_plausible","foodlist","energy_kcal","fixed_width","500.0","","506","0","0.9881","","1000.0","1000.0"
"rgb_test_plausible","foodlist","mass_g","fixed_width","25.0","","506","0","0.2767","","50.0","50.0"
"rgb_test_plausible","foodlist","mass_g","fixed_width","50.0","","506","0","0.5059","","100.0","100.0"
"rgb_test_plausible","foodlist","mass_g","fixed_width","100.0","","506","0","0.7708","","200.0","200.0"
"rgb_test_plausible","median","energy_kcal","dev_residual","0.5","0.5","506","0","0.4644","0.0356","266.8596","266.8596"
"rgb_test_plausible","median","energy_kcal","dev_residual","0.8","0.8","506","0","0.7391","0.0609","385.3","385.3"
"rgb_test_plausible","median","energy_kcal","dev_residual","0.9","0.9","506","0","0.8656","0.0344","554.3321","554.3321"
"rgb_test_plausible","median","energy_kcal","split_conformal","0.5","0.5","506","0","0.4723","0.0277","270.1","270.1"
"rgb_test_plausible","median","energy_kcal","split_conformal","0.8","0.8","506","0","0.7273","0.0727","379.22","379.22"
"rgb_test_plausible","median","energy_kcal","split_conformal","0.9","0.9","506","0","0.8577","0.0423","518.8069","518.8069"
"rgb_test_plausible","median","energy_kcal","fixed_width","100.0","","506","0","0.3281","","200.0","200.0"
"rgb_test_plausible","median","energy_kcal","fixed_width","250.0","","506","0","0.8458","","500.0","500.0"
"rgb_test_plausible","median","energy_kcal","fixed_width","500.0","","506","0","0.9526","","1000.0","1000.0"
"rgb_test_plausible","median","mass_g","dev_residual","0.5","0.5","506","0","0.5217","-0.0217","202.0","202.0"
"rgb_test_plausible","median","mass_g","dev_residual","0.8","0.8","506","0","0.7885","0.0115","298.0","298.0"
"rgb_test_plausible","median","mass_g","dev_residual","0.9","0.9","506","0","0.8913","0.0087","415.0","415.0"
"rgb_test_plausible","median","mass_g","split_conformal","0.5","0.5","506","0","0.504","-0.004","196.0","196.0"
"rgb_test_plausible","median","mass_g","split_conformal","0.8","0.8","506","0","0.7648","0.0352","286.0","286.0"
"rgb_test_plausible","median","mass_g","split_conformal","0.9","0.9","506","0","0.8735","0.0265","378.0","378.0"
"rgb_test_plausible","median","mass_g","fixed_width","25.0","","506","0","0.1225","","50.0","50.0"
"rgb_test_plausible","median","mass_g","fixed_width","50.0","","506","0","0.251","","100.0","100.0"
"rgb_test_plausible","median","mass_g","fixed_width","100.0","","506","0","0.5198","","200.0","200.0"
"rgb_test_plausible","rgb","energy_kcal","fixed_width","100.0","","506","0","0.666","","200.0","200.0"
"rgb_test_plausible","rgb","energy_kcal","fixed_width","250.0","","506","0","0.9348","","500.0","500.0"
"rgb_test_plausible","rgb","energy_kcal","fixed_width","500.0","","506","0","0.9941","","1000.0","1000.0"
"rgb_test_plausible","rgb","mass_g","fixed_width","25.0","","506","0","0.3636","","50.0","50.0"
"rgb_test_plausible","rgb","mass_g","fixed_width","50.0","","506","0","0.6285","","100.0","100.0"
"rgb_test_plausible","rgb","mass_g","fixed_width","100.0","","506","0","0.8478","","200.0","200.0"
"rgb_test_straddle_excluded","foodlist","energy_kcal","fixed_width","100.0","","504","1","0.6488","","200.0","200.0"
"rgb_test_straddle_excluded","foodlist","energy_kcal","fixed_width","250.0","","504","1","0.9107","","500.0","500.0"
"rgb_test_straddle_excluded","foodlist","energy_kcal","fixed_width","500.0","","504","1","0.9881","","1000.0","1000.0"
"rgb_test_straddle_excluded","foodlist","mass_g","fixed_width","25.0","","505","0","0.2772","","50.0","50.0"
"rgb_test_straddle_excluded","foodlist","mass_g","fixed_width","50.0","","505","0","0.5069","","100.0","100.0"
"rgb_test_straddle_excluded","foodlist","mass_g","fixed_width","100.0","","505","0","0.7703","","200.0","200.0"
"rgb_test_straddle_excluded","median","energy_kcal","dev_residual","0.5","0.5","504","1","0.4643","0.0357","266.8596","266.8596"
"rgb_test_straddle_excluded","median","energy_kcal","dev_residual","0.8","0.8","504","1","0.7401","0.0599","385.3","385.3"
"rgb_test_straddle_excluded","median","energy_kcal","dev_residual","0.9","0.9","504","1","0.8651","0.0349","554.3321","554.3321"
"rgb_test_straddle_excluded","median","energy_kcal","split_conformal","0.5","0.5","504","1","0.4722","0.0278","270.1","270.1"
"rgb_test_straddle_excluded","median","energy_kcal","split_conformal","0.8","0.8","504","1","0.7282","0.0718","379.22","379.22"
"rgb_test_straddle_excluded","median","energy_kcal","split_conformal","0.9","0.9","504","1","0.8571","0.0429","518.8069","518.8069"
"rgb_test_straddle_excluded","median","energy_kcal","fixed_width","100.0","","504","1","0.3274","","200.0","200.0"
"rgb_test_straddle_excluded","median","energy_kcal","fixed_width","250.0","","504","1","0.8452","","500.0","500.0"
"rgb_test_straddle_excluded","median","energy_kcal","fixed_width","500.0","","504","1","0.9524","","1000.0","1000.0"
"rgb_test_straddle_excluded","median","mass_g","dev_residual","0.5","0.5","505","0","0.5208","-0.0208","202.0","202.0"
"rgb_test_straddle_excluded","median","mass_g","dev_residual","0.8","0.8","505","0","0.7881","0.0119","298.0","298.0"
"rgb_test_straddle_excluded","median","mass_g","dev_residual","0.9","0.9","505","0","0.8911","0.0089","415.0","415.0"
"rgb_test_straddle_excluded","median","mass_g","split_conformal","0.5","0.5","505","0","0.503","-0.003","196.0","196.0"
"rgb_test_straddle_excluded","median","mass_g","split_conformal","0.8","0.8","505","0","0.7644","0.0356","286.0","286.0"
"rgb_test_straddle_excluded","median","mass_g","split_conformal","0.9","0.9","505","0","0.8733","0.0267","378.0","378.0"
"rgb_test_straddle_excluded","median","mass_g","fixed_width","25.0","","505","0","0.1208","","50.0","50.0"
"rgb_test_straddle_excluded","median","mass_g","fixed_width","50.0","","505","0","0.2495","","100.0","100.0"
"rgb_test_straddle_excluded","median","mass_g","fixed_width","100.0","","505","0","0.5188","","200.0","200.0"
"rgb_test_straddle_excluded","rgb","energy_kcal","fixed_width","100.0","","504","1","0.6647","","200.0","200.0"
"rgb_test_straddle_excluded","rgb","energy_kcal","fixed_width","250.0","","504","1","0.9345","","500.0","500.0"
"rgb_test_straddle_excluded","rgb","energy_kcal","fixed_width","500.0","","504","1","0.994","","1000.0","1000.0"
"rgb_test_straddle_excluded","rgb","mass_g","fixed_width","25.0","","505","0","0.3624","","50.0","50.0"
"rgb_test_straddle_excluded","rgb","mass_g","fixed_width","50.0","","505","0","0.6297","","100.0","100.0"
"rgb_test_straddle_excluded","rgb","mass_g","fixed_width","100.0","","505","0","0.8475","","200.0","200.0"
