"class_id","class_name_raw","class_name_normalized","semantic_kind","target_ingredient_ids","target_display_names","resolution_ingredient_id","resolution_provenance","resolution_display_name","resolution_agrees_with_semantic","rationale"
"1","candy","candy","unsupported","","","","","","","Confection; no app shelf."
"2","egg tart","egg tart","unsupported","","","","","","","Dish (egg tart); dish-level, kept out of ingredient claims."
"3","french fries","french fries","ambiguous","10","Potato","","","","","Fries vs Potato shelf: claiming Potato inflates raw-potato inventory; app has no fries shelf."
"4","chocolate","chocolate","unsupported","","","","","","","Confection; no app shelf."
"5","biscuit","biscuit","unsupported","","","","","","","Snack; no app shelf."
"6","popcorn","popcorn","unsupported","","","","","","","Snack; no app shelf."
"7","pudding","pudding","unsupported","","","","","","","Prepared dessert; no app shelf."
"8","ice cream","ice cream","unsupported","","","","","","","Prepared dessert; no app shelf."
"9","cheese butter","cheese butter","ambiguous","12;14","Cheese;Butter","","","","","One class covers two distinct app shelves (Cheese, Butter); unresolvable at class level."
"10","cake","cake","unsupported","","","","","","","Dish; no app shelf."
"11","wine","wine","unsupported","","","","","","","Beverage; outside the app's ingredient shelves."
"12","milkshake","milkshake","unsupported","","","","","","","Beverage; no app shelf."
"13","coffee","coffee","unsupported","","","","","","","Beverage; no app shelf."
"14","juice","juice","unsupported","","","","","","","Beverage; no app shelf."
"15","milk","milk","exact","13","Milk","13","curated","Milk","yes","Curated Milk."
"16","tea","tea","unsupported","","","","","","","Beverage; no app shelf."
"17","almond","almond","unsupported","","","","","","","No app nut shelf; catalog has no hit either."
"18","red beans","red beans","unsupported","","","","","","","Red beans != app's Black Beans shelf; claiming Black Beans would be wrong."
"19","cashew","cashew","unsupported","","","","","","","No app nut shelf."
"20","dried cranberries","dried cranberries","unsupported","","","","","","","Dried fruit; no app shelf."
"21","soy","soy","unsupported","","","","","","","Soybeans; app's Soy Sauce is a processed product, not the same food."
"22","walnut","walnut","unsupported","","","","","","","No app nut shelf."
"23","peanut","peanut","unsupported","","","","","","","Peanuts != app's Peanut Butter shelf."
"24","egg","egg","exact","1","Egg","1","curated","Egg","yes","Curated Egg."
"25","apple","apple","exact","40","Apple","40","curated","Apple","yes","Curated Apple."
"26","date","date","unsupported","","","","","","","No app shelf."
"27","apricot","apricot","unsupported","","","","","","","No app shelf."
"28","avocado","avocado","exact","26","Avocado","26","curated","Avocado","yes","Curated Avocado."
"29","banana","banana","exact","20","Banana","20","curated","Banana","yes","Curated Banana."
"30","strawberry","strawberry","unsupported","","","","","","","No app shelf."
"31","cherry","cherry","unsupported","","","","","","","No app shelf."
"32","blueberry","blueberry","unsupported","","","","","","","No app shelf."
"33","raspberry","raspberry","unsupported","","","","","","","No app shelf."
"34","mango","mango","exact","169910","catalog:169910","169910","catalog","Mango (Raw)","yes","USDA catalog 'Mango (Raw)' via the app's exact catalog path."
"35","olives","olives","unsupported","","","","","","","No app shelf."
"36","peach","peach","unsupported","","","","","","","No app shelf."
"37","lemon","lemon","exact","17","Lemon","17","curated","Lemon","yes","Curated Lemon."
"38","pear","pear","exact","169118","catalog:169118","169118","catalog","Pear (Raw)","yes","USDA catalog 'Pear (Raw)'."
"39","fig","fig","unsupported","","","","","","","No app shelf."
"40","pineapple","pineapple","unsupported","","","","","","","No app shelf."
"41","grape","grape","unsupported","","","","","","","No app shelf."
"42","kiwi","kiwi","unsupported","","","","","","","No app shelf."
"43","melon","melon","unsupported","","","","","","","No app shelf."
"44","orange","orange","unsupported","","","","","","","No app shelf (citrus beyond lemon absent)."
"45","watermelon","watermelon","exact","167765","catalog:167765","167765","catalog","Watermelon (Raw)","yes","USDA catalog 'Watermelon (Raw)'."
"46","steak","steak","coarse","38","Ground Beef","","","","","App's only beef shelf is Ground Beef (38); prep mismatch noted (steak vs ground)."
"47","pork","pork","ambiguous","167813","catalog:167813","167813","catalog","Pork Fat (Raw)","yes","Catalog hit is 'Pork Fat (Raw)' - semantically unreliable for pork meat; kept visible as an app-behavior finding."
"48","chicken duck","chicken duck","coarse","4","Chicken Breast","","","","","App shelf Chicken Breast (4); class also covers duck."
"49","sausage","sausage","unsupported","","","","","","","No catalog hit; app cannot express sausage."
"50","fried meat","fried meat","ambiguous","38;4","Ground Beef;Chicken Breast","","","","","Generic 'fried meat' could be beef (38) or chicken (4) shelves; unresolvable at class level."
"51","lamb","lamb","unsupported","","","","","","","No app shelf."
"52","sauce","sauce","unsupported","","","","","","","Generic sauce; app shelves are specific (Soy Sauce, oils)."
"53","crab","crab","unsupported","","","","","","","No app shelf."
"54","fish","fish","coarse","36","Salmon","","","","","App's only fresh-fish shelf is Salmon (36); class covers all fish."
"55","shellfish","shellfish","unsupported","","","","","","","No app shelf."
"56","shrimp","shrimp","unsupported","","","","","","","No catalog hit; app cannot express shrimp."
"57","soup","soup","unsupported","","","","","","","Dish; no app shelf."
"58","bread","bread","exact","15","Bread","15","curated","Bread","yes","Curated Bread."
"59","corn","corn","exact","34","Corn","34","curated","Corn","yes","Curated Corn."
"60","hamburg","hamburg","unsupported","","","","","","","Dish (hamburger)."
"61","pizza","pizza","unsupported","","","","","","","Dish (pizza)."
"62"," hanamaki baozi","hanamaki baozi","unsupported","","","","","","","Dish (baozi). Official class name has a leading space, preserved in class_name_raw."
"63","wonton dumplings","wonton dumplings","unsupported","","","","","","","Dish (dumplings)."
"64","pasta","pasta","exact","9","Pasta","9","curated","Pasta","yes","Curated Pasta."
"65","noodles","noodles","coarse","9","Pasta","","","","","App pasta shelf (9); noodles are not pasta but there is no closer shelf."
"66","rice","rice","exact","2","Rice","2","curated","Rice","yes","Curated Rice."
"67","pie","pie","unsupported","","","","","","","Dish (pie)."
"68","tofu","tofu","exact","23","Tofu","23","curated","Tofu","yes","Curated Tofu."
"69","eggplant","eggplant","exact","169228","catalog:169228","169228","catalog","Eggplant (Raw)","yes","USDA catalog 'Eggplant (Raw)'."
"70","potato","potato","exact","10","Potato","10","curated","Potato","yes","Curated Potato."
"71","garlic","garlic","exact","6","Garlic","6","curated","Garlic","yes","Curated Garlic."
"72","cauliflower","cauliflower","exact","169986","catalog:169986","169986","catalog","Cauliflower (Raw)","yes","USDA catalog 'Cauliflower (Raw)'."
"73","tomato","tomato","exact","7","Tomato","7","curated","Tomato","yes","Curated Tomato."
"74","kelp","kelp","exact","168457","catalog:168457","168457","catalog","Kelp (Raw)","yes","USDA catalog 'Kelp (Raw)'."
"75","seaweed","seaweed","unsupported","","","","","","","Kelp (74) exists in catalog but seaweed is a different food; left unsupported."
"76","spring onion","spring onion","exact","21","Green Onion","21","curated","Green Onion","yes","Curated Green Onion via the app's 'spring onion' synonym."
"77","rape","rape","unsupported","","","","","","","Rapeseed greens/choy; no app shelf."
"78","ginger","ginger","exact","30","Ginger","30","curated","Ginger","yes","Curated Ginger."
"79","okra","okra","exact","169260","catalog:169260","169260","catalog","Okra (Raw)","yes","USDA catalog 'Okra (Raw)'."
"80","lettuce","lettuce","exact","39","Lettuce","39","curated","Lettuce","yes","Curated Lettuce."
"81","pumpkin","pumpkin","exact","168448","catalog:168448","168448","catalog","Pumpkin (Raw)","yes","USDA catalog 'Pumpkin (Raw)'."
"82","cucumber","cucumber","exact","25","Cucumber","25","curated","Cucumber","yes","Curated Cucumber."
"83","white radish","white radish","unsupported","","","","","","","Daikon; no app shelf."
"84","carrot","carrot","exact","11","Carrot","11","curated","Carrot","yes","Curated Carrot."
"85","asparagus","asparagus","exact","168389","catalog:168389","168389","catalog","Asparagus (Raw)","yes","USDA catalog 'Asparagus (Raw)'."
"86","bamboo shoots","bamboo shoots","exact","169210","catalog:169210","169210","catalog","Bamboo Shoots (Raw)","yes","USDA catalog 'Bamboo Shoots (Raw)'."
"87","broccoli","broccoli","exact","24","Broccoli","24","curated","Broccoli","yes","Curated Broccoli."
"88","celery stick","celery stick","exact","44","Celery","","","","","Semantically app's Celery (44), but the app resolver returns nil for 'celery stick' - product gap."
"89","cilantro mint","cilantro mint","ambiguous","48","Cilantro","","","","","One class covers cilantro AND mint; app has only Cilantro (48)."
"90","snow peas","snow peas","exact","170010","catalog:170010","170010","catalog","Edible-Podded Peas (Raw)","yes","USDA catalog 'Edible-Podded Peas (Raw)' - semantically right for snow peas."
"91"," cabbage","cabbage","exact","169975","catalog:169975","169975","catalog","Cabbage (Raw)","yes","USDA catalog 'Cabbage (Raw)'; official name has a leading space, resolver normalization handles it."
"92","bean sprouts","bean sprouts","unsupported","","","","","","","No app shelf."
"93","onion","onion","exact","5","Onion","5","curated","Onion","yes","Curated Onion."
"94","pepper","pepper","exact","8","Bell Pepper","","","","","FoodSeg 'pepper' is bell pepper; app resolver returns nil (no 'pepper' label/alias) - product gap; name collides with black pepper in English."
"95","green beans","green beans","exact","169961","catalog:169961","169961","catalog","Green Beans (Raw)","yes","USDA catalog 'Green Beans (Raw)'. Note: the app's OCR-path masking of 'green beans' does NOT apply to classification labels, which resolve via catalog."
"96","French beans","French beans","exact","169961","catalog:169961","","","","","'French beans' = green beans (169961), but the app resolver returns nil - product gap."
"97","king oyster mushroom","king oyster mushroom","coarse","18","Mushroom","","","","","App Mushroom shelf (18)."
"98","shiitake","shiitake","exact","169242","catalog:169242","169242","catalog","Shiitake Mushrooms (Raw)","yes","USDA catalog 'Shiitake Mushrooms (Raw)'."
"99","enoki mushroom","enoki mushroom","coarse","18","Mushroom","","","","","App Mushroom shelf (18)."
"100","oyster mushroom","oyster mushroom","coarse","18","Mushroom","","","","","App Mushroom shelf (18)."
"101","white button mushroom","white button mushroom","coarse","18","Mushroom","","","","","App Mushroom shelf (18)."
"102","salad","salad","unsupported","","","","","","","Dish/mix; not an ingredient claim."
"103","other ingredients","other ingredients","unsupported","","","","","","","Official catch-all; not an ingredient claim."
