dish_1556575327,153.9849,146.3696,20,20,20
dish_1557861216,23.7444,31.0063,20,20,20
dish_1557862345,78.1981,84.9676,20,20,20
dish_1557862696,66.14,84.5111,20,20,20
dish_1557862738,179.0537,104.567,20,20,20
dish_1557862783,318.1894,267.7811,20,20,20
dish_1557936555,109.4588,134.0336,20,20,20
dish_1557936599,26.9449,57.522,20,20,20
dish_1557936645,9.8574,50.019,20,20,20
dish_1557937037,19.4348,50.169,20,20,20
dish_1557937079,92.6623,61.3935,20,20,20
dish_1557937157,383.4598,354.1782,20,20,20
dish_1557937335,41.0002,46.0745,20,20,20
dish_1557937427,67.7188,52.1395,20,20,20
dish_1557937574,43.9478,37.6437,20,20,20
dish_1557937615,26.0938,38.6778,20,20,20
dish_1557937715,38.6394,33.7442,20,20,20
dish_1557937758,200.2342,203.9242,20,20,20
dish_1558030182,59.8108,87.379,20,20,20
dish_1558030289,22.2924,77.1629,20,20,20
dish_1558030383,164.2695,57.2307,20,20,20
dish_1558030435,233.6002,188.3037,20,20,20
dish_1558031133,75.8363,83.7858,20,20,20
dish_1558031237,83.5187,67.288,20,20,20
dish_1558031302,66.367,97.483,20,20,20
dish_1558031351,20.5885,58.7167,20,20,20
dish_1558031394,403.9515,365.3952,20,20,20
dish_1558110297,39.8884,47.9787,20,20,20
dish_1558110335,46.5001,49.5055,20,20,20
dish_1558110385,51.3015,76.7889,20,20,20
dish_1558110436,70.6281,97.4732,20,20,20
dish_1558110478,262.4311,211.8384,20,20,20
dish_1558113430,30.2138,74.9058,20,20,20
dish_1558113477,281.3657,57.668,20,20,20
dish_1558113941,298.9201,150.0806,20,20,20
dish_1558114086,65.4246,99.8705,20,20,20
dish_1558114145,69.2646,78.2609,20,20,20
dish_1558114209,45.3121,105.6073,20,20,20
dish_1558114284,308.9872,230.8081,20,20,20
dish_1558372948,375.6057,120.2975,20,20,20
dish_1558373008,163.6529,54.6239,20,20,20
dish_1558373074,90.5479,144.3486,20,20,20
dish_1558373159,429.9367,239.5934,20,20,20
dish_1558375667,342.2499,123.5321,20,20,20
dish_1558375732,51.7599,73.6241,20,20,20
dish_1558375833,306.2312,60.9043,20,20,20
dish_1558375886,468.384,280.4824,20,20,20
dish_1558376212,288.6899,63.4974,20,20,20
dish_1558376306,310.4059,121.6812,20,20,20
dish_1558376364,48.6965,65.4427,20,20,20
dish_1558376437,34.2876,66.4916,20,20,20
dish_1558376483,428.165,298.5967,20,20,20
dish_1558376734,146.6805,51.3659,20,20,20
dish_1558376768,74.0346,133.6104,20,20,20
dish_1558376801,30.929,45.0998,20,20,20
dish_1558376874,323.6604,74.0154,20,20,20
dish_1558376938,43.6704,62.0086,20,20,20
dish_1558376984,396.5633,239.1071,20,20,20
dish_1558461431,11.2828,18.9758,20,20,20
dish_1558461607,84.0557,87.345,20,20,20
dish_1558461692,198.7173,38.0608,20,20,20
dish_1558461760,13.5914,57.7535,20,20,20
dish_1558461792,325.9674,284.7964,20,20,20
dish_1558544663,37.5609,101.4349,20,20,20
dish_1558545738,83.8151,132.0531,20,20,20
dish_1558546434,9.434,27.6921,20,20,20
dish_1558546558,169.5908,55.7849,20,20,20
dish_1558546663,298.8334,212.6755,20,20,20
dish_1558549413,463.3891,126.6036,20,20,20
dish_1558549605,20.7791,56.6786,20,20,20
dish_1558549773,10.7098,19.5817,20,20,20
dish_1558549806,330.5366,224.3561,20,20,20
dish_1558630176,72.0674,127.7164,20,20,20
dish_1558630207,442.6242,104.6947,20,20,20
dish_1558630288,44.6213,53.6641,20,20,20
dish_1558630325,386.0503,300.5163,20,20,20
dish_1558635400,20.3333,68.8334,20,20,20
dish_1558635489,84.7082,87.3863,20,20,20
dish_1558635523,18.3439,47.8071,20,20,20
dish_1558635546,68.3797,125.3837,20,20,20
dish_1558635618,178.4049,358.7268,20,20,20
dish_1558639412,73.8314,100.2363,20,20,20
dish_1558639440,77.4299,124.6941,20,20,20
dish_1558639482,61.3461,65.9013,20,20,20
dish_1558639526,39.8333,76.6697,20,20,20
dish_1558639555,323.3059,337.8497,20,20,20
dish_1558639787,23.7078,73.5141,20,20,20
dish_1558639818,103.9101,121.7501,20,20,20
dish_1558639849,37.0125,68.9674,20,20,20
dish_1558639876,255.7284,303.0506,20,20,20
dish_1558641164,75.2929,149.6626,20,20,20
dish_1558641200,43.1968,68.5716,20,20,20
dish_1558641253,87.0487,114.6733,20,20,20
dish_1558641287,16.0886,78.748,20,20,20
dish_1558641320,206.8104,265.2067,20,20,20
dish_1558717604,72.5184,85.4453,20,20,20
dish_1558718587,23.0886,70.8181,20,20,20
dish_1558718610,85.2948,87.0544,20,20,20
dish_1558718649,31.2568,84.9241,20,20,20
dish_1558718680,276.236,57.0448,20,20,20
dish_1558718906,262.3375,323.4501,20,20,20
dish_1558719570,75.3083,140.701,20,20,20
dish_1558719994,516.9361,134.7851,20,20,20
dish_1558720097,116.4257,134.3168,20,20,20
dish_1558720133,26.0603,72.7348,20,20,20
dish_1558720236,376.0887,398.1851,20,20,20
dish_1558722125,498.317,128.091,20,20,20
dish_1558722171,31.0073,67.5021,20,20,20
dish_1558722207,73.5243,112.6131,20,20,20
dish_1558722247,435.0742,283.2772,20,20,20
dish_1559157454,31.3509,32.4488,20,20,20
dish_1559157777,28.1258,27.9078,20,20,20
dish_1559157919,94.4266,113.6266,20,20,20
dish_1559233445,65.8665,51.8935,20,20,20
dish_1559233570,21.8746,40.1489,20,20,20
dish_1559233627,82.146,29.6694,20,20,20
dish_1559233715,94.6383,93.0944,20,20,20
dish_1559233756,256.9555,215.3452,20,20,20
dish_1559238993,71.8214,80.0118,20,20,20
dish_1559239151,54.461,48.2249,20,20,20
dish_1559239256,61.7784,95.3646,20,20,20
dish_1559239369,180.1604,246.3999,20,20,20
dish_1559578551,122.5071,64.8161,20,20,20
dish_1559578579,134.1218,162.204,20,20,20
dish_1559578599,349.9966,259.0871,20,20,20
dish_1559841950,56.2452,63.4645,20,20,20
dish_1559841979,82.9761,135.1996,20,20,20
dish_1559842047,104.1127,152.1895,20,20,20
dish_1559844272,272.6567,116.7932,20,20,20
dish_1559844323,414.3598,122.4431,20,20,20
dish_1559844366,398.8658,130.0258,20,20,20
dish_1559844458,43.6696,73.9146,20,20,20
dish_1559844490,140.7787,166.7244,20,20,20
dish_1559846688,90.9991,107.07,20,20,20
dish_1559849020,52.408,73.7843,20,20,20
dish_1559849053,210.1978,126.4158,20,20,20
dish_1559849097,245.6324,176.8327,20,20,20
dish_1559849412,222.9961,79.162,20,20,20
dish_1559849466,274.0701,120.984,20,20,20
dish_1559849497,302.7314,247.4377,20,20,20
dish_1559849537,345.3602,281.4298,20,20,20
dish_1559850283,154.3745,73.098,20,20,20
dish_1559850314,154.3726,113.5631,20,20,20
dish_1559850338,150.9838,125.488,20,20,20
dish_1559934477,72.9444,83.0436,20,20,20
dish_1560203400,191.3909,192.0461,20,20,20
dish_1560203424,280.8579,276.017,20,20,20
dish_1560367904,95.0966,46.2105,20,20,20
dish_1560367926,250.8496,195.3867,20,20,20
dish_1560367952,278.8196,259.8297,20,20,20
dish_1560367980,304.9429,268.3825,20,20,20
dish_1560368019,451.2479,374.4788,20,20,20
dish_1560368395,147.9429,120.3675,20,20,20
dish_1560368464,178.3583,233.9265,20,20,20
dish_1560368506,324.9837,348.2415,20,20,20
dish_1560368570,397.9231,312.7122,20,20,20
dish_1560444869,105.2944,64.2578,20,20,20
dish_1560444892,112.2403,76.9406,20,20,20
dish_1560444914,157.357,192.8478,20,20,20
dish_1560444931,222.0211,273.0415,20,20,20
dish_1560444948,286.7925,347.3185,20,20,20
dish_1560444967,344.6446,358.3241,20,20,20
dish_1560444985,327.8294,380.2177,20,20,20
dish_1560445004,398.0906,397.7077,20,20,20
dish_1560456305,45.6636,61.374,20,20,20
dish_1560456326,179.7312,187.0667,20,20,20
dish_1560456348,165.8128,125.1906,20,20,20
dish_1560456370,184.3407,156.0888,20,20,20
dish_1560526408,153.9448,66.2981,20,20,20
dish_1560526447,154.2439,120.5162,20,20,20
dish_1560526472,193.8438,166.6633,20,20,20
dish_1560526490,247.6252,208.4033,20,20,20
dish_1560526514,429.3861,306.716,20,20,20
dish_1560526530,455.3012,306.5708,20,20,20
dish_1560526552,495.1055,368.9543,20,20,20
dish_1560800918,215.1576,134.5232,20,20,20
dish_1560800951,262.4155,179.0108,20,20,20
dish_1560800988,350.4227,272.7036,20,20,20
dish_1560801020,397.179,273.0828,20,20,20
dish_1560801041,393.5853,319.6593,20,20,20
dish_1560801773,153.2087,67.0234,20,20,20
dish_1560801797,138.1018,80.4986,20,20,20
dish_1560801829,224.352,125.9618,20,20,20
dish_1560801859,244.8644,233.5352,20,20,20
dish_1560801883,325.0747,247.0226,20,20,20
dish_1560975491,105.5557,113.9191,20,20,20
dish_1560975517,167.1261,156.0973,20,20,20
dish_1560975572,225.0482,175.518,20,20,20
dish_1560975601,417.3764,349.5905,20,20,20
dish_1560975628,504.2842,355.8371,20,20,20
dish_1561147944,83.7689,92.5774,20,20,20
dish_1561147967,157.0665,172.5296,20,20,20
dish_1561147997,179.6422,190.0705,20,20,20
dish_1561148021,295.4869,312.8001,20,20,20
dish_1561148042,350.8439,303.64,20,20,20
dish_1561393715,165.2381,96.8349,20,20,20
dish_1561393741,156.24,194.626,20,20,20
dish_1561393764,257.2493,270.835,20,20,20
dish_1561405332,102.8646,47.833,20,20,20
dish_1561405356,164.6958,107.7943,20,20,20
dish_1561405389,136.6972,126.7171,20,20,20
dish_1561405411,212.5171,218.5724,20,20,20
dish_1561574368,36.6062,80.7959,20,20,20
dish_1561574394,113.088,185.5938,20,20,20
dish_1561574428,140.9809,253.3824,20,20,20
dish_1561574456,332.7455,343.1351,20,20,20
dish_1561574479,433.76,423.8282,20,20,20
dish_1561574783,37.1264,105.4704,20,20,20
dish_1561574815,184.3194,198.3225,20,20,20
dish_1561574848,180.2546,200.7456,20,20,20
dish_1561577848,87.8379,152.1265,20,20,20
dish_1561577947,268.7855,325.9018,20,20,20
dish_1561578775,182.4175,93.1144,20,20,20
dish_1561578800,270.4366,190.743,20,20,20
dish_1561578839,399.4738,311.7476,20,20,20
dish_1561578865,463.1205,357.5389,20,20,20
dish_1561654326,100.7459,104.2174,20,20,20
dish_1561654346,97.5974,87.7616,20,20,20
dish_1561654374,352.1472,328.5952,20,20,20
dish_1561654392,552.1608,398.4786,20,20,20
dish_1561661324,82.9674,138.7849,20,20,20
dish_1561661347,109.0918,185.2577,20,20,20
dish_1561661377,319.662,276.1147,20,20,20
dish_1561662160,203.1493,157.2059,20,20,20
dish_1561662190,371.118,225.3803,20,20,20
dish_1561662216,380.253,300.3602,20,20,20
dish_1561662814,64.2681,77.5471,20,20,20
dish_1561662842,187.3937,153.6634,20,20,20
dish_1561662869,197.0681,167.9636,20,20,20
dish_1561662926,331.8896,260.2302,20,20,20
dish_1561663541,158.6675,102.2801,20,20,20
dish_1561663580,252.0467,266.5426,20,20,20
dish_1561663606,309.2754,326.3677,20,20,20
dish_1561667207,120.1742,88.3774,20,20,20
dish_1561667238,231.5262,227.8718,20,20,20
dish_1561739160,57.8152,58.4081,20,20,20
dish_1561739188,119.0711,114.5076,20,20,20
dish_1561739212,197.1191,141.8458,20,20,20
dish_1561739238,299.5334,236.1032,20,20,20
dish_1561739265,300.1102,282.7136,20,20,20
dish_1561741063,35.2083,79.5137,20,20,20
dish_1561741090,333.3067,248.3173,20,20,20
dish_1562008936,73.0112,160.8408,20,20,20
dish_1562008979,373.2307,265.4456,20,20,20
dish_1562009006,501.8224,305.3802,20,20,20
dish_1562009810,154.7688,189.8606,20,20,20
dish_1562009894,225.8105,290.023,20,20,20
dish_1562009934,445.7066,383.91,20,20,20
dish_1562085672,223.9845,234.87,20,20,20
dish_1562099053,92.0923,45.8786,20,20,20
dish_1562099076,104.951,55.2228,20,20,20
dish_1562099134,171.8942,155.1655,20,20,20
dish_1562099157,224.8085,159.732,20,20,20
dish_1562168648,68.6585,117.296,20,20,20
dish_1562168673,89.3731,199.9343,20,20,20
dish_1562168696,214.3618,250.1304,20,20,20
dish_1562168800,350.9358,265.5483,20,20,20
dish_1562172561,73.2028,184.2874,20,20,20
dish_1562172600,205.2124,280.9139,20,20,20
dish_1562172643,462.4062,429.3624,20,20,20
dish_1562617703,206.1943,175.605,20,20,20
dish_1562617939,154.4789,106.5119,20,20,20
dish_1562618000,396.2144,342.7243,20,20,20
dish_1562690886,49.5334,50.5759,20,20,20
dish_1562690917,100.5746,129.9877,20,20,20
dish_1562690950,237.3048,184.7299,20,20,20
dish_1562691000,473.4254,430.9995,20,20,20
dish_1562691032,503.4803,437.9388,20,20,20
dish_1562691064,601.3016,506.6672,20,20,20
dish_1562700496,79.232,89.4343,20,20,20
dish_1562700568,321.2835,312.9037,20,20,20
dish_1562700593,437.9594,364.1012,20,20,20
dish_1562703345,112.4645,64.6887,20,20,20
dish_1562703382,158.1627,92.2354,20,20,20
dish_1562703408,309.9615,120.7545,20,20,20
dish_1562703447,155.983,163.2111,20,20,20
dish_1562774099,68.2292,85.6336,20,20,20
dish_1562774129,130.69,114.662,20,20,20
dish_1562774159,227.8956,179.3646,20,20,20
dish_1562774180,257.5377,235.5163,20,20,20
dish_1562774206,440.2571,313.4548,20,20,20
dish_1562776428,51.0473,85.942,20,20,20
dish_1562776465,217.2284,184.5889,20,20,20
dish_1562776497,297.8075,294.8372,20,20,20
dish_1562786103,301.5926,186.3765,20,20,20
dish_1562788506,121.7652,80.9761,20,20,20
dish_1562788536,271.7327,232.7339,20,20,20
dish_1562788568,370.5955,275.0634,20,20,20
dish_1562788601,357.5396,302.8908,20,20,20
dish_1562790775,107.1716,72.8577,20,20,20
dish_1562790824,384.5702,309.2887,20,20,20
dish_1562790855,500.187,416.5665,20,20,20
dish_1562876494,131.3185,89.486,20,20,20
dish_1562876531,95.2242,94.7986,20,20,20
dish_1562963246,222.4669,128.2601,20,20,20
dish_1562963289,338.5699,231.5726,20,20,20
dish_1562963325,464.1004,441.0154,20,20,20
dish_1563208412,81.5826,68.9654,20,20,20
dish_1563208439,101.7907,87.5689,20,20,20
dish_1563208459,275.2687,212.6413,20,20,20
dish_1563218408,486.2909,384.1959,20,20,20
dish_1563220987,214.1673,126.0193,20,20,20
dish_1563221025,280.9778,164.4867,20,20,20
dish_1563221054,303.3624,231.7343,20,20,20
dish_1563221086,350.8502,264.3439,20,20,20
dish_1563221157,427.9251,358.8751,20,20,20
dish_1563294987,82.7193,51.5742,20,20,20
dish_1563295016,155.8305,145.1258,20,20,20
dish_1563295044,242.609,254.1787,20,20,20
dish_1563305513,460.2444,299.092,20,20,20
dish_1563389548,403.0929,383.6746,20,20,20
dish_1563389600,239.5086,237.7425,20,20,20
dish_1563389626,128.776,201.3908,20,20,20
dish_1563478751,474.0996,394.5634,20,20,20
dish_1563551105,80.7734,66.2382,20,20,20
dish_1563551134,154.8776,154.7844,20,20,20
dish_1563551164,252.7498,223.1278,20,20,20
dish_1563551194,292.6933,352.375,20,20,20
dish_1563551220,397.0657,368.9071,20,20,20
dish_1563565289,14.7342,162.6627,20,20,20
dish_1563565323,85.7228,201.6584,20,20,20
dish_1563565354,108.7923,271.0302,20,20,20
dish_1563565415,187.6805,284.0869,20,20,20
dish_1563565454,197.1153,285.5535,20,20,20
dish_1563565508,204.9909,272.9103,20,20,20
dish_1563566909,276.544,203.632,20,20,20
dish_1563566939,311.3504,218.3796,20,20,20
dish_1563566965,389.1198,262.6483,20,20,20
dish_1563897047,325.9333,290.7972,20,20,20
dish_1563897087,171.3457,170.449,20,20,20
dish_1563897938,54.2849,51.7821,20,20,20
dish_1563897981,284.5248,171.0863,20,20,20
dish_1563898019,227.658,175.1908,20,20,20
dish_1563898084,381.9141,308.3864,20,20,20
dish_1563898107,404.8671,326.1403,20,20,20
dish_1563909469,12.3044,84.3734,20,20,20
dish_1563909507,49.6059,134.6451,20,20,20
dish_1563909550,206.3473,247.4919,20,20,20
dish_1563909580,416.7409,353.3988,20,20,20
dish_1563984140,143.5813,333.3339,20,20,20
dish_1563984167,377.0866,452.1638,20,20,20
dish_1563984199,373.3307,546.0052,20,20,20
dish_1563984242,515.77,601.3277,20,20,20
dish_1563984296,590.6083,590.3125,20,20,20
dish_1563996441,95.6814,131.8426,20,20,20
dish_1563996464,147.7886,156.7914,20,20,20
dish_1563996485,217.7891,208.6371,20,20,20
dish_1563996509,292.8632,319.4119,20,20,20
dish_1563998210,135.4927,55.2209,20,20,20
dish_1563998244,187.7974,137.9995,20,20,20
dish_1563998279,318.1746,180.9477,20,20,20
dish_1563998323,497.2835,411.1537,20,20,20
dish_1563998513,548.1076,500.2702,20,20,20
dish_1564160043,230.3749,159.6805,20,20,20
dish_1564427406,211.7711,374.2411,20,20,20
dish_1564427430,327.7007,287.653,20,20,20
dish_1564427455,163.2439,251.7523,20,20,20
dish_1564428102,58.71,88.1593,20,20,20
dish_1564428144,204.5522,125.4947,20,20,20
dish_1564428181,386.0487,248.6742,20,20,20
dish_1564588820,60.4344,164.2863,20,20,20
dish_1564588859,138.7,146.4564,20,20,20
dish_1564588889,113.1963,139.5957,20,20,20
dish_1564588919,215.9189,239.2023,20,20,20
dish_1564675380,226.4593,49.8406,20,20,20
dish_1564675411,399.4143,240.2039,20,20,20
dish_1564686966,126.0948,52.6649,20,20,20
dish_1564687013,346.8638,155.9449,20,20,20
dish_1564687046,322.1805,203.5315,20,20,20
dish_1564687090,443.0176,332.7313,20,20,20
dish_1564689078,31.6841,49.3448,20,20,20
dish_1564689108,153.2565,137.3117,20,20,20
dish_1564689138,239.6367,234.947,20,20,20
dish_1564689168,417.2262,338.3881,20,20,20
dish_1564689219,350.2956,350.5943,20,20,20
dish_1564773826,89.8335,99.1624,20,20,20
dish_1564773847,187.6132,127.8787,20,20,20
dish_1564773876,162.9553,172.0228,20,20,20
dish_1564773903,267.8192,304.5287,20,20,20
dish_1564773942,366.0333,371.6967,20,20,20
dish_1564773976,417.6391,377.6341,20,20,20
dish_1565020755,82.5304,44.2567,20,20,20
dish_1565020796,101.5888,80.3276,20,20,20
dish_1565020822,230.8805,174.8139,20,20,20
dish_1565020867,238.709,231.5813,20,20,20
dish_1565020895,192.8423,211.0794,20,20,20
dish_1565020926,202.6715,169.3289,20,20,20
dish_1565030350,126.9095,101.3011,20,20,20
dish_1565030391,254.6243,205.2493,20,20,20
dish_1565034605,113.7883,60.9401,20,20,20
dish_1565034635,118.0546,127.1988,20,20,20
dish_1565034661,206.4534,145.9906,20,20,20
dish_1565034681,288.7215,208.2481,20,20,20
dish_1565035715,48.3801,38.2301,20,20,20
dish_1565035746,171.4244,110.7771,20,20,20
dish_1565035774,190.7571,195.9487,20,20,20
dish_1565035802,265.5245,282.3039,20,20,20
dish_1565035830,403.3718,370.2778,20,20,20
dish_1565035858,518.5634,520.4332,20,20,20
dish_1565117429,345.0419,228.8936,20,20,20
dish_1565117463,435.8689,361.7023,20,20,20
dish_1565118700,45.2927,49.7141,20,20,20
dish_1565118729,346.9636,163.9864,20,20,20
dish_1565118782,413.487,301.3177,20,20,20
dish_1565123783,126.759,36.3525,20,20,20
dish_1565123816,293.3085,100.5704,20,20,20
dish_1565123845,300.9853,153.1172,20,20,20
dish_1565123881,473.5867,347.28,20,20,20
dish_1565638478,46.3252,95.3766,20,20,20
dish_1565638515,245.0122,163.0319,20,20,20
dish_1565638550,305.0495,224.4151,20,20,20
dish_1565638599,543.0511,403.4642,20,20,20
dish_1565711453,144.3446,152.5811,20,20,20
dish_1565711498,193.0317,219.2621,20,20,20
dish_1565711527,360.3559,328.6743,20,20,20
dish_1565711570,539.5692,412.6262,20,20,20
dish_1565810969,117.5501,134.9886,20,20,20
dish_1565811000,408.6126,302.9155,20,20,20
dish_1565811025,226.116,257.149,20,20,20
dish_1565811061,504.591,449.7394,20,20,20
dish_1565811091,469.6602,362.5498,20,20,20
dish_1565811139,523.1835,412.7756,20,20,20
dish_1565894858,76.6327,52.9015,20,20,20
dish_1565894889,158.3147,103.1599,20,20,20
dish_1565894910,454.123,288.6524,20,20,20
dish_1565896662,63.5698,97.5074,20,20,20
dish_1565896701,284.967,143.0474,20,20,20
dish_1565896745,285.8828,248.5616,20,20,20
dish_1565898128,123.5776,135.1072,20,20,20
dish_1565898158,179.1594,211.0562,20,20,20
dish_1565898193,237.4044,271.153,20,20,20
dish_1565898230,500.7579,368.0617,20,20,20
dish_1565898331,43.2755,59.4695,20,20,20
dish_1565898361,229.0362,157.4417,20,20,20
dish_1565898402,262.1156,166.8226,20,20,20
dish_1565898432,311.4915,267.8758,20,20,20
dish_1565974375,309.2196,219.9522,20,20,20
dish_1565974409,464.2713,310.2807,20,20,20
dish_1565986702,173.9965,172.0079,20,20,20
dish_1565986733,220.8228,193.7351,20,20,20
dish_1566316681,230.1828,147.9386,20,20,20
dish_1566316726,402.6507,436.9444,20,20,20
dish_1566316757,434.9207,453.1234,20,20,20
dish_1566328724,161.1978,202.1226,20,20,20
dish_1566328745,296.5489,268.6207,20,20,20
dish_1566328776,532.9423,479.2455,20,20,20
dish_1566328805,545.1511,516.5435,20,20,20
dish_1566328831,602.5589,507.572,20,20,20
dish_1566414225,163.3369,121.1498,20,20,20
dish_1566414291,334.7648,242.404,20,20,20
dish_1566414342,482.1069,340.0275,20,20,20
dish_1566414412,490.73,359.2359,20,20,20
dish_1566416701,124.5389,157.8894,20,20,20
dish_1566501575,204.5638,234.4783,20,20,20
dish_1566501594,229.548,257.4763,20,20,20
dish_1566502437,87.331,93.5911,20,20,20
dish_1566502472,106.5276,98.5895,20,20,20
dish_1566502505,261.1921,276.2759,20,20,20
dish_1566502537,344.1358,272.7108,20,20,20
dish_1566502573,503.7138,437.6947,20,20,20
dish_1566587102,166.4277,65.1202,20,20,20
dish_1566587143,288.8888,203.0945,20,20,20
dish_1566587182,412.3113,283.4013,20,20,20
dish_1566589933,146.4361,139.0839,20,20,20
dish_1566589967,364.5633,276.5191,20,20,20
dish_1566590007,473.5906,497.6667,20,20,20
dish_1566590056,525.7368,473.7577,20,20,20
dish_1566838286,138.6445,141.9029,20,20,20
dish_1566838317,303.6704,236.6974,20,20,20
dish_1566838351,279.8919,247.702,20,20,20
dish_1566838378,426.9777,342.0666,20,20,20
dish_1566838407,419.4545,361.2699,20,20,20
dish_1566849862,111.3335,133.3904,20,20,20
dish_1566849895,210.9897,298.7671,20,20,20
dish_1566849923,207.8271,263.0928,20,20,20
dish_1566849955,175.88,315.7374,20,20,20
dish_1566849987,438.9401,498.253,20,20,20
dish_1566850031,388.6783,465.9706,20,20,20
dish_1566850099,122.2895,125.5366,20,20,20
dish_1566850142,408.6053,288.3514,20,20,20
dish_1566851549,166.3778,78.5987,20,20,20
dish_1566851584,254.7215,194.2249,20,20,20
dish_1566851616,258.5809,251.1023,20,20,20
dish_1566851677,417.6545,344.3328,20,20,20
dish_1566851704,561.906,423.2789,20,20,20
dish_1566920304,242.6883,340.7473,20,20,20
dish_1566920339,360.2874,467.8509,20,20,20
dish_1566920365,516.7856,544.9288,20,20,20
dish_1567007719,86.152,60.9853,20,20,20
dish_1567007751,154.5139,75.1223,20,20,20
dish_1567007783,159.1856,110.0066,20,20,20
dish_1567007814,166.4766,179.3524,20,20,20
dish_1567007848,276.2788,223.4432,20,20,20
dish_1567107839,133.3625,125.3495,20,20,20
dish_1567785622,125.7084,137.7408,20,20,20
dish_1567785654,175.4318,239.8409,20,20,20
dish_1567785709,219.0937,238.64,20,20,20
dish_1567785739,231.2404,283.836,20,20,20
dish_1567785778,423.8457,313.8582,20,20,20
dish_1568305198,281.5931,136.4407,20,20,20
dish_1568305225,385.6125,201.8655,20,20,20
dish_1568305257,562.7355,419.5206,20,20,20
dish_1568401167,251.9656,179.1207,20,20,20
dish_1568401199,281.6705,255.1593,20,20,20
dish_1568401233,487.1673,475.6819,20,20,20
dish_1568401261,543.0557,506.1,20,20,20
dish_1568401302,547.3267,514.9551,20,20,20
