"class_id","class_name","semantic_kind","targets","instances","hits","recall"
"3","french fries","ambiguous","10","78","9","0.1154"
"9","cheese butter","ambiguous","12;14","120","26","0.2167"
"15","milk","exact","13","28","6","0.2143"
"24","egg","exact","1","69","21","0.3043"
"25","apple","exact","40","52","10","0.1923"
"28","avocado","exact","26","24","3","0.125"
"29","banana","exact","20","56","17","0.3036"
"34","mango","exact","169910","12","0","0.0"
"37","lemon","exact","17","172","32","0.186"
"38","pear","exact","169118","14","0","0.0"
"45","watermelon","exact","167765","8","0","0.0"
"46","steak","coarse","38","337","99","0.2938"
"47","pork","ambiguous","167813","195","0","0.0"
"48","chicken duck","coarse","4","394","220","0.5584"
"50","fried meat","ambiguous","38;4","84","43","0.5119"
"54","fish","coarse","36","95","26","0.2737"
"58","bread","exact","15","414","83","0.2005"
"59","corn","exact","34","145","38","0.2621"
"64","pasta","exact","9","48","20","0.4167"
"65","noodles","coarse","9","75","45","0.6"
"66","rice","exact","2","206","64","0.3107"
"68","tofu","exact","23","20","10","0.5"
"69","eggplant","exact","169228","7","0","0.0"
"70","potato","exact","10","306","36","0.1176"
"71","garlic","exact","6","20","1","0.05"
"72","cauliflower","exact","169986","70","0","0.0"
"73","tomato","exact","7","349","56","0.1605"
"74","kelp","exact","168457","2","0","0.0"
"76","spring onion","exact","21","57","9","0.1579"
"78","ginger","exact","30","8","1","0.125"
"79","okra","exact","169260","2","0","0.0"
"80","lettuce","exact","39","171","13","0.076"
"81","pumpkin","exact","168448","16","0","0.0"
"82","cucumber","exact","25","164","35","0.2134"
"84","carrot","exact","11","398","109","0.2739"
"85","asparagus","exact","168389","77","0","0.0"
"86","bamboo shoots","exact","169210","3","0","0.0"
"87","broccoli","exact","24","309","35","0.1133"
"88","celery stick","exact","44","65","15","0.2308"
"89","cilantro mint","ambiguous","48","264","8","0.0303"
"90","snow peas","exact","170010","24","0","0.0"
"91","cabbage","exact","169975","33","0","0.0"
"93","onion","exact","5","158","15","0.0949"
"94","pepper","exact","8","131","28","0.2137"
"95","green beans","exact","169961","63","0","0.0"
"96","French beans","exact","169961","121","0","0.0"
"97","king oyster mushroom","coarse","18","3","1","0.3333"
"98","shiitake","exact","169242","54","0","0.0"
"99","enoki mushroom","coarse","18","3","0","0.0"
"100","oyster mushroom","coarse","18","2","0","0.0"
"101","white button mushroom","coarse","18","37","7","0.1892"
